{
    "ARGAE": {
        "AUC": [
            0.9752651155953399,
            0.9686054455785551,
            0.9722732645637356,
            0.9627313925060337,
            0.976335699421993
        ],
        "AP": [
            0.9756087256283363,
            0.9691766595556964,
            0.9695836498451722,
            0.9661920409012547,
            0.973337459757071
        ],
        "Avg Runtime": 30.254050970077515
    },
    "GAE": {
        "AUC": [
            0.9725793177904885,
            0.9764170324645358,
            0.9787268908727457,
            0.979800487034308,
            0.9673932820111795
        ],
        "AP": [
            0.9740797060523168,
            0.9742331059645399,
            0.9779630123967715,
            0.9818398131728643,
            0.9658245467600393
        ],
        "Avg Runtime": 3.31884970664978
    },
    "RLGAN": {
        "AUC": [
            0.9576572877671778,
            0.9541794469266996,
            0.9714913657770801,
            0.9591015577828764,
            0.9615746890472164
        ],
        "AP": [
            0.9624761502962134,
            0.9410118710720047,
            0.9682472761693015,
            0.9486143960679502,
            0.9514773209548756
        ],
        "Avg Runtime": 452.60652723312376
    }
}