{
    "ARGAE": {
        "AUC": [
            0.9616880810950413,
            0.9597923481978881,
            0.9655862603305785,
            0.9613598700068872,
            0.9652804680325986
        ],
        "AP": [
            0.9597616631086092,
            0.9592671783562896,
            0.964270364025802,
            0.9597103717754893,
            0.9667213853195064
        ],
        "Avg Runtime": 30.89507689476013
    },
    "GAE": {
        "AUC": [
            0.9727226096189164,
            0.9779076274104683,
            0.97639032369146,
            0.978989109848485,
            0.969473678546832
        ],
        "AP": [
            0.9718631669725697,
            0.9751735578700116,
            0.9750584870916685,
            0.9800226837851319,
            0.9699103420160993
        ],
        "Avg Runtime": 5.168128919601441
    },
    "RLGAN": {
        "AUC": [
            0.9630717688246098,
            0.9599725952708907,
            0.9560448232323233,
            0.9433719295224978,
            0.9560340622130395
        ],
        "AP": [
            0.9619964639895171,
            0.9568972450066515,
            0.9510344163206497,
            0.9310192047115288,
            0.9489868848408567
        ],
        "Avg Runtime": 389.99915499687194
    }
}